{"cameraMode":{"drawMode":0,"name":"Shaded","section":"Shading Mode"},"sceneLighting":false,"audioPlay":false,"sceneViewState":{"showFog":false,"showMaterialUpdate":false,"showSkybox":false,"showFlares":false,"showImageEffects":false,"showParticleSystems":false},"in2DMode":false,"pivot":{"x":-0.693112850189209,"y":-3.8724489212036135,"z":-0.5586462020874023},"rotation":{"x":-0.0058168224059045319,"y":0.9823185801506043,"z":-0.03095334954559803,"w":-0.18454883992671967},"size":33.456031799316409,"orthographic":true}