{"cameraMode":{"drawMode":0,"name":"Shaded","section":"Shading Mode"},"sceneLighting":false,"audioPlay":false,"sceneViewState":{"showFog":false,"showMaterialUpdate":false,"showSkybox":false,"showFlares":false,"showImageEffects":false,"showParticleSystems":false},"in2DMode":false,"pivot":{"x":-0.693112850189209,"y":-3.8724489212036135,"z":-0.5586462020874023},"rotation":{"x":-0.1828664243221283,"y":0.6451677680015564,"z":-0.16302059590816499,"w":-0.7237007021903992},"size":33.456031799316409,"orthographic":true}