{"cameraMode":{"drawMode":0,"name":"Shaded","section":"Shading Mode"},"sceneLighting":false,"audioPlay":false,"sceneViewState":{"showFog":false,"showMaterialUpdate":false,"showSkybox":false,"showFlares":false,"showImageEffects":false,"showParticleSystems":false},"in2DMode":false,"pivot":{"x":-0.693112850189209,"y":-3.8724489212036135,"z":-0.5586462020874023},"rotation":{"x":0.03020515851676464,"y":0.9691347479820252,"z":-0.1539141982793808,"w":0.19019991159439088},"size":33.456031799316409,"orthographic":true}