{"cameraMode":{"drawMode":0,"name":"Shaded","section":"Shading Mode"},"sceneLighting":false,"audioPlay":false,"sceneViewState":{"showFog":false,"showMaterialUpdate":false,"showSkybox":false,"showFlares":false,"showImageEffects":false,"showParticleSystems":false},"in2DMode":false,"pivot":{"x":0.683765172958374,"y":2.4302310943603517,"z":47.147823333740237},"rotation":{"x":0.02049766480922699,"y":0.9752101898193359,"z":-0.1950448453426361,"w":0.10248174518346787},"size":10.947200775146485,"orthographic":false}